movie_id,title,description,image_url,content_rating,duration,release_year
tt0111161,The Shawshank Redemption,"A banker convicted of uxoricide forms a friendship over a quarter century with a hardened convict, while maintaining his innocence and trying to remain hopeful through simple compassion.",https://m.media-amazon.com/images/M/MV5BMDAyY2FhYjctNDc5OS00MDNlLThiMGUtY2UxYWVkNGY2ZjljXkEyXkFqcGc@._V1_.jpg,R,8520,1994
tt0068646,The Godfather,The aging patriarch of an organized crime dynasty transfers control of his clandestine empire to his reluctant son.,https://m.media-amazon.com/images/M/MV5BYTJkNGQyZDgtZDQ0NC00MDM0LWEzZWQtYzUzZDEwMDljZWNjXkEyXkFqcGc@._V1_.jpg,R,10500,1972
tt0468569,The Dark Knight,"When a menace known as the Joker wreaks havoc and chaos on the people of Gotham, Batman, James Gordon and Harvey Dent must work together to put an end to the madness.",https://m.media-amazon.com/images/M/MV5BMTMxNTMwODM0NF5BMl5BanBnXkFtZTcwODAyMTk2Mw@@._V1_.jpg,PG-13,9120,2008
tt0071562,The Godfather Part II,"The early life and career of Vito Corleone in 1920s New York City is portrayed, while his son, Michael, expands and tightens his grip on the family crime syndicate.",https://m.media-amazon.com/images/M/MV5BNzc1OWY5MjktZDllMi00ZDEzLWEwMGItYjk1YmRhYjBjNTVlXkEyXkFqcGc@._V1_.jpg,R,12120,1974
tt0050083,12 Angry Men,The jury in a New York City murder trial is frustrated by a single member whose skeptical caution forces them to more carefully consider the evidence before jumping to a hasty verdict.,https://m.media-amazon.com/images/M/MV5BYjE4NzdmOTYtYjc5Yi00YzBiLWEzNDEtNTgxZGQ2MWVkN2NiXkEyXkFqcGc@._V1_.jpg,Approved,5760,1957
tt0167260,The Lord of the Rings: The Return of the King,Gandalf and Aragorn lead the World of Men against Sauron's army to draw his gaze from Frodo and Sam as they approach Mount Doom with the One Ring.,https://m.media-amazon.com/images/M/MV5BMWJkNTgyYmItMzA1MS00NmZkLTlmZjgtMjc0NzQ5NTcyNTU2XkEyXkFqcGc@._V1_.jpg,PG-13,12060,2003
tt0108052,Schindler's List,"In German-occupied Poland during World War II, industrialist Oskar Schindler gradually becomes concerned for his Jewish workforce after witnessing their persecution by the Nazis.",https://m.media-amazon.com/images/M/MV5BNjM1ZDQxYWUtMzQyZS00MTE1LWJmZGYtNGUyNTdlYjM3ZmVmXkEyXkFqcGc@._V1_.jpg,R,11700,1993
tt0110912,Pulp Fiction,"The lives of two mob hitmen, a boxer, a gangster and his wife, and a pair of diner bandits intertwine in four tales of violence and redemption.",https://m.media-amazon.com/images/M/MV5BNDRhYjRmNjktOTUxOC00Y2U3LWI1YjYtOWIwOWZhZmE5ODFiXkEyXkFqcGc@._V1_.jpg,R,9240,1994
tt0120737,The Lord of the Rings: The Fellowship of the Ring,A meek Hobbit from the Shire and eight companions set out on a journey to destroy the powerful One Ring and save Middle-earth from the Dark Lord Sauron.,https://m.media-amazon.com/images/M/MV5BMjQ4YjkxZmYtNWMwMy00NDE0LTg3NWMtZjE5MjlkNGI2MmY4XkEyXkFqcGc@._V1_.jpg,PG-13,10680,2001
tt0060196,"Il buono, il brutto, il cattivo",A bounty hunting scam joins two men in an uneasy alliance against a third in a race to find a fortune in gold buried in a remote cemetery.,https://m.media-amazon.com/images/M/MV5BMWM5ZjQxM2YtNDlmYi00ZDNhLWI4MWUtN2VkYjBlMTY1ZTkwXkEyXkFqcGc@._V1_.jpg,R,9660,1966
tt0109830,Forrest Gump,"The history of the United States from the 1950s to the '70s unfolds from the perspective of an Alabama man with an IQ of 75, who yearns to be reunited with his childhood sweetheart.",https://m.media-amazon.com/images/M/MV5BN2ExM2M1ZDktOWZlMS00MTVmLWIzMWItNTUxMDcxM2Q0ZWE3XkEyXkFqcGc@._V1_.jpg,PG-13,8520,1994
tt0167261,The Lord of the Rings: The Two Towers,"While Frodo and Sam edge closer to Mordor with the help of the shifty Gollum, the divided fellowship makes a stand against Sauron's new ally, Saruman, and his hordes of Isengard.",https://m.media-amazon.com/images/M/MV5BMGRjYjA3MjUtODIwMS00ZDIzLWFlN2EtYjJhZjYxMjFlNmRmXkEyXkFqcGc@._V1_.jpg,PG-13,10740,2002
tt0137523,Fight Club,An insomniac office worker and a devil-may-care soap maker form an underground fight club that evolves into much more.,https://m.media-amazon.com/images/M/MV5BOTgyOGQ1NDItNGU3Ny00MjU3LTg2YWEtNmEyYjBiMjI1Y2M5XkEyXkFqcGc@._V1_.jpg,R,8340,1999
tt1375666,Inception,"A thief who steals corporate secrets through the use of dream-sharing technology is given the inverse task of planting an idea into the mind of a C.E.O., but his tragic past may doom the project and his team to disaster.",https://m.media-amazon.com/images/M/MV5BMjAxMzY3NjcxNF5BMl5BanBnXkFtZTcwNTI5OTM0Mw@@._V1_.jpg,PG-13,8880,2010
tt0080684,Star Wars: Episode V - The Empire Strikes Back,"After the Empire overpowers the Rebel Alliance, Luke Skywalker begins his Jedi training with Yoda. At the same time, Darth Vader and bounty hunter Boba Fett pursue his friends across the galaxy.",https://m.media-amazon.com/images/M/MV5BMTkxNGFlNDktZmJkNC00MDdhLTg0MTEtZjZiYWI3MGE5NWIwXkEyXkFqcGc@._V1_.jpg,PG,7440,1980
tt0133093,The Matrix,"When a beautiful stranger leads computer hacker Neo to a forbidding underworld, he discovers the shocking truth--the life he knows is the elaborate deception of an evil cyber-intelligence.",https://m.media-amazon.com/images/M/MV5BNDBlM2ZmMzMtMWNlYi00ZDg2LWI4MGQtZDgzMTcwZTVjZWMzXkEyXkFqcGc@._V1_.jpg,R,8160,1999
tt0099685,Goodfellas,"The story of Henry Hill and his life in the mafia, covering his relationship with his wife Karen and his mob partners Jimmy Conway and Tommy DeVito.",https://m.media-amazon.com/images/M/MV5BN2E5NzI2ZGMtY2VjNi00YTRjLWI1MDUtZGY5OWU1MWJjZjRjXkEyXkFqcGc@._V1_.jpg,R,8700,1990
tt0073486,One Flew Over the Cuckoo's Nest,"In the Fall of 1963, a Korean War veteran and criminal pleads insanity and is admitted to a mental institution, where he rallies up the scared patients against the tyrannical nurse.",https://m.media-amazon.com/images/M/MV5BYjBkMjgzMzYtNzRiMS00NDc3LWE4YTUtZjYxYjZhNjNhYzhhXkEyXkFqcGc@._V1_.jpg,R,7980,1975
tt0816692,Interstellar,"When Earth becomes uninhabitable in the future, a farmer and ex-NASA pilot, Joseph Cooper, is tasked to pilot a spacecraft, along with a team of researchers, to find a new planet for humans.",https://m.media-amazon.com/images/M/MV5BOTYzMDIzODctNWI2Ni00YmU1LWE0ZmItNzFjMmUzNzFlZmRmXkEyXkFqcGc@._V1_.jpg,PG-13,10140,2014
tt0114369,Se7en,"Two detectives, a rookie and a veteran, hunt a serial killer who uses the seven deadly sins as his motives.",https://m.media-amazon.com/images/M/MV5BY2IzNzMxZjctZjUxZi00YzAxLTk3ZjMtODFjODdhMDU5NDM1XkEyXkFqcGc@._V1_.jpg,R,7620,1995
tt0038650,It's a Wonderful Life,An angel is sent from Heaven to help a desperately frustrated businessman by showing him what life would have been like if he had never existed.,https://m.media-amazon.com/images/M/MV5BMDM4OWFhYjEtNTE5Yy00NjcyLTg5N2UtZDQwNDZlYjlmNDU5XkEyXkFqcGc@._V1_.jpg,PG,7800,1946
tt0047478,Shichinin no samurai,"Farmers from a village exploited by bandits hire a veteran samurai for protection, and he gathers six other samurai to join him.",https://m.media-amazon.com/images/M/MV5BZjliMWExOTMtZDQ3ZS00NWU3LWIyN2EtMjllNzk3ZTNlYzg4XkEyXkFqcGc@._V1_.jpg,Not Rated,12420,1954
tt0102926,The Silence of the Lambs,"A young F.B.I. cadet must receive the help of an incarcerated and manipulative cannibal killer to help catch another serial killer, a madman who skins his victims.",https://m.media-amazon.com/images/M/MV5BODQ3YTRkMzYtMzRmMC00NjQzLWI2MTUtYWVmODQxNDJjMDUwXkEyXkFqcGc@._V1_.jpg,R,7080,1991
tt0120815,Saving Private Ryan,"Following the Normandy Landings, a group of U.S. soldiers go behind enemy lines to retrieve a paratrooper whose brothers have been killed in action.",https://m.media-amazon.com/images/M/MV5BZjFhODc5M2EtMzA0YS00MmFhLWEyODAtZDJiZjRmNTBlZDQ5XkEyXkFqcGc@._V1_.jpg,R,10140,1998
tt0317248,Cidade de Deus,"In the slums of Rio, two kids' paths diverge as one struggles to become a photographer and the other a kingpin.",https://m.media-amazon.com/images/M/MV5BMjAxNGMyY2YtZGE2ZS00OTFkLWE3YmUtMjAxM2E4NGJmZjRiXkEyXkFqcGc@._V1_.jpg,R,7800,2002
tt0120689,The Green Mile,"Paul Edgecomb, the head guard of a prison, meets an inmate, John Coffey, a black man who is accused of murdering two girls. His life changes drastically when he discovers that John has a special gift.",https://m.media-amazon.com/images/M/MV5BZGFlMmQ4NmEtYThmOC00ZDg4LTg1MWQtYzc1ZWM4Mjg3Yjg1XkEyXkFqcGc@._V1_.jpg,R,11340,1999
tt0118799,La vita è bella,"When an open-minded Jewish waiter and his son become victims of the Holocaust, he uses a perfect mixture of will, humor and imagination to protect his son from the dangers around their camp.",https://m.media-amazon.com/images/M/MV5BN2ZlYWUwMmEtMGMzNC00OTVhLWI3ZWYtOTdmYmFhYzZiZTk1XkEyXkFqcGc@._V1_.jpg,PG-13,6960,1997
tt0103064,Terminator 2: Judgment Day,"A cyborg, identical to the one who failed to kill Sarah Connor, must now protect her ten year old son John from an even more advanced and powerful cyborg.",https://m.media-amazon.com/images/M/MV5BMjY0YTQ5ODYtODE0ZS00NzM5LWFiNjUtYWEyMWEyNDVkZGQzXkEyXkFqcGc@._V1_.jpg,R,8220,1991
tt0076759,Star Wars,"Luke Skywalker joins forces with a Jedi Knight, a cocky pilot, a Wookiee and two droids to save the galaxy from the Empire's world-destroying battle station, while also attempting to rescue Princess Leia from the mysterious Darth Vader.",https://m.media-amazon.com/images/M/MV5BYTliZGMwM2QtNDlmMS00MjNmLTg4YzUtZWQxZGMwNDU2OTUzXkEyXkFqcGc@._V1_.jpg,PG,7260,1977
tt0088763,Back to the Future,"Marty McFly, a 17-year-old high school student, is accidentally sent 30 years into the past in a time-traveling DeLorean invented by his close friend, the maverick scientist Doc Brown.",https://m.media-amazon.com/images/M/MV5BZmM3ZjE0NzctNjBiOC00MDZmLTgzMTUtNGVlOWFlOTNiZDJiXkEyXkFqcGc@._V1_.jpg,(Banned),6960,1985
tt0245429,Sen to Chihiro no kamikakushi,"During her family's move to the suburbs, a sullen 10-year-old girl wanders into a world ruled by gods, witches and spirits, and where humans are changed into beasts.",https://m.media-amazon.com/images/M/MV5BMjgxMGNmMWYtOGY5My00MDQ2LThlZGItNGM5NjIwODJlMTIwXkEyXkFqcGc@._V1_.jpg,PG,7440,2001
tt0253474,The Pianist,"During WWII, acclaimed Polish musician Wladyslaw faces various struggles as he loses contact with his family. As the situation worsens, he hides in the ruins of Warsaw in order to survive.",https://m.media-amazon.com/images/M/MV5BMjEwNmEwYjgtNTk3ZC00NjljLTg5ZDctZTY3ZGQwZjRkZmQxXkEyXkFqcGc@._V1_.jpg,R,9000,2002
tt6751668,Gisaengchung,Greed and class discrimination threaten the newly formed symbiotic relationship between the wealthy Park family and the destitute Kim clan.,https://m.media-amazon.com/images/M/MV5BYjk1Y2U4MjQtY2ZiNS00OWQyLWI3MmYtZWUwNmRjYWRiNWNhXkEyXkFqcGc@._V1_.jpg,R,7920,2019
tt0172495,Gladiator,A former Roman General sets out to exact vengeance against the corrupt emperor who murdered his family and sent him into slavery.,https://m.media-amazon.com/images/M/MV5BMjM0NDY0YzEtNDk1Mi00YjY0LWJkMzktNDhkODhmNTEwOTY2XkEyXkFqcGc@._V1_.jpg,R,9300,2000
tt0054215,Psycho,A secretary on the run for embezzlement takes refuge at a secluded California motel owned by a repressed man and his overbearing mother.,https://m.media-amazon.com/images/M/MV5BYjZhMzFiZjItODA3ZC00MmRhLWIzMGYtMmVjOWUwYTA3MTRjXkEyXkFqcGc@._V1_.jpg,R,6540,1960
tt0110357,The Lion King,"Lion prince Simba and his father are targeted by his bitter uncle, who wants to ascend the throne himself.",https://m.media-amazon.com/images/M/MV5BZGRiZDZhZjItM2M3ZC00Y2IyLTk3Y2MtMWY5YjliNDFkZTJlXkEyXkFqcGc@._V1_.jpg,G,5280,1994
tt0407887,The Departed,An undercover cop and a mole in the police attempt to identify each other while infiltrating an Irish gang in South Boston.,https://m.media-amazon.com/images/M/MV5BMTI1MTY2OTIxNV5BMl5BanBnXkFtZTYwNjQ4NjY3._V1_.jpg,(Banned),9060,2006
tt9362722,Spider-Man: Across the Spider-Verse,"Miles Morales catapults across the multiverse, where he encounters a team of Spider-People charged with protecting its very existence. When the heroes clash on how to handle a new threat, Miles must redefine what it means to be a hero.",https://m.media-amazon.com/images/M/MV5BODRiMDliZTUtOWM2Yi00ZDU2LTk2ZTQtZjExOTE3ZDYwMzM5XkEyXkFqcGc@._V1_.jpg,PG,8400,2023
tt0095327,Hotaru no haka,A young boy and his little sister struggle to survive in Japan during World War II.,https://m.media-amazon.com/images/M/MV5BNTY5MmE2OGMtN2IxNC00MDY4LTkwMGEtZDUzOTYyNWE0ZTNjXkEyXkFqcGc@._V1_.jpg,Not Rated,5280,1988
tt2582802,Whiplash,A promising young drummer enrolls at a cut-throat music conservatory where his dreams of greatness are mentored by an instructor who will stop at nothing to realize a student's potential.,https://m.media-amazon.com/images/M/MV5BMmNkODhkYjctMDMyOC00ZTNjLTkwZTItM2ExMTAxMGU1ZGQ1XkEyXkFqcGc@._V1_.jpg,R,6360,2014
tt0120586,American History X,"Living a life marked by violence, neo-Nazi Derek finally goes to prison after killing two black youths. Upon his release, Derek vows to change; he hopes to prevent his brother, Danny, who idolizes Derek, from following in his footsteps.",https://m.media-amazon.com/images/M/MV5BMzhiOTQ0NDItOTg0Zi00OGVmLWE0OGEtMTI4NDM0NWMxZWU4XkEyXkFqcGc@._V1_.jpg,R,7140,1998
tt0110413,Léon,"12-year-old Mathilda is reluctantly taken in by Léon, a professional assassin, after her family is murdered. An unusual relationship forms as she becomes his protégée and learns the assassin's trade.",https://m.media-amazon.com/images/M/MV5BOTIyM2Y4YzQtYWUxOS00M2E5LWEwMGMtZjBlZDcyZDA2NWJiXkEyXkFqcGc@._V1_.jpg,R,6600,1994
tt0482571,The Prestige,Rival 19th-century magicians engage in a bitter battle for trade secrets.,https://m.media-amazon.com/images/M/MV5BNzljNWZlOGUtMGM1YS00ZWRhLTg0YzQtMDU2YTJmZTlkMDJiXkEyXkFqcGc@._V1_.jpg,PG-13,7800,2006
tt0056058,Seppuku,"When a ronin requesting seppuku at a feudal lord's palace is told of the brutal suicide of another ronin who previously visited, he reveals how their pasts are intertwined - and in doing so challenges the clan's integrity.",https://m.media-amazon.com/images/M/MV5BZThiZjU5ZDQtZDI4Mi00ZGYyLTkzOTktYmIzZTFlZTkxYzg5XkEyXkFqcGc@._V1_.jpg,Not Rated,7980,1962
tt0034583,Casablanca,A cynical expatriate American cafe owner struggles to decide whether or not to help his former lover and her fugitive husband escape the Nazis in French Morocco.,https://m.media-amazon.com/images/M/MV5BNWEzN2U1YTYtYTQyMS00NTVkLWE2NGQtZWFlMmM0MDNjMmRiXkEyXkFqcGc@._V1_.jpg,PG,6120,1942
tt0114814,The Usual Suspects,The sole survivor of a pier shoot-out tells the story of how a notorious criminal influenced the events that began with five criminals meeting in a seemingly random police lineup.,https://m.media-amazon.com/images/M/MV5BOTE5MDUxZDUtZWZmZC00NDVmLWFhOGQtNWI2YTc4NzY3MGQ0XkEyXkFqcGc@._V1_.jpg,R,6360,1995
tt1675434,Intouchables,"After he becomes a quadriplegic from a paragliding accident, an aristocrat hires a young man from the projects to be his caregiver.",https://m.media-amazon.com/images/M/MV5BMTYxNDA3MDQwNl5BMl5BanBnXkFtZTcwNTU4Mzc1Nw@@._V1_.jpg,R,6720,2011
tt0095765,Nuovo Cinema Paradiso,"Salvatore, a famous film director, returns to his hometown for the funeral of the local theater's film projectionist, Alfredo. He reminisces about his life as a young boy falling in love with cinema.",https://m.media-amazon.com/images/M/MV5BMTljNzc4YWEtYTZlMS00ODMyLWIwMTAtNWQxY2VkMDEwYTk5XkEyXkFqcGc@._V1_.jpg,PG,10440,1988
tt15239678,Dune: Part Two,"Paul Atreides unites with the Fremen while on a warpath of revenge against the conspirators who destroyed his family. Facing a choice between the love of his life and the fate of the universe, he endeavors to prevent a terrible future.",https://m.media-amazon.com/images/M/MV5BMDJmYWE1ZWQtNGUxNi00MTRlLTg5MTYtNDZhYmZjZWRkNGRmXkEyXkFqcGc@._V1_.jpg,PG-13,9960,2024
tt0027977,Modern Times,The Tramp struggles to live in modern industrial society with the help of a young homeless woman.,https://m.media-amazon.com/images/M/MV5BODVkZGFhNGQtYjdiYi00Njc4LWFmYTItNTlmNzJjMTg1ZDc5XkEyXkFqcGc@._V1_.jpg,G,5220,1936
tt0078748,Alien,"After investigating a mysterious transmission of unknown origin, the crew of a commercial spacecraft encounters a deadly lifeform.",https://m.media-amazon.com/images/M/MV5BOWI0MzhkNGUtN2QxYS00NDA2LWEzZGYtZTNiZjU2OGEzN2Q3XkEyXkFqcGc@._V1_.jpg,R,7020,1979
tt0047396,Rear Window,A bored photographer recovering from a broken leg passes the time by watching his neighbors and begins to suspect one of them of murder.,https://m.media-amazon.com/images/M/MV5BODZhOWI1ODgtMzdiOS00YjNkLTgwOGUtYmIyZDg5ZmQwMzQ1XkEyXkFqcGc@._V1_.jpg,PG,6720,1954
tt0064116,C'era una volta il West,A mysterious stranger with a harmonica joins forces with a notorious desperado to protect a beautiful widow from a ruthless assassin working for the railroad.,https://m.media-amazon.com/images/M/MV5BZjYyNGY1MDEtN2I1MC00MGVhLTljZTYtODQ1NzQ0ODc2NzZlXkEyXkFqcGc@._V1_.jpg,PG-13,9960,1968
tt1853728,Django Unchained,"With the help of a German bounty-hunter, a freed slave sets out to rescue his wife from a brutal plantation owner in Mississippi.",https://m.media-amazon.com/images/M/MV5BNzY0MDNhNzktNGZhYi00NThhLWJjY2QtZmVkYzA2OTFkNTdiXkEyXkFqcGc@._V1_.jpg,R,9900,2012
tt0021749,City Lights,"With the aid of a wealthy erratic tippler, a dewy-eyed tramp who has fallen in love with a sightless flower girl accumulates money to be able to help her medically.",https://m.media-amazon.com/images/M/MV5BM2U4NjgzODUtODkyOC00YTE2LTlhNTItYzFlYmM1NTEzZDA2XkEyXkFqcGc@._V1_.jpg,G,5220,1931
tt0078788,Apocalypse Now,A U.S. Army officer serving in Vietnam is tasked with assassinating a renegade Special Forces Colonel who sees himself as a god.,https://m.media-amazon.com/images/M/MV5BNmJjNDc3OGUtOGM2MS00ZDIzLWE2NzItN2YxOWE2YzJkMjBmXkEyXkFqcGc@._V1_.jpg,R,8820,1979
tt0209144,Memento,"Leonard Shelby, an insurance investigator, suffers from anterograde amnesia and uses notes and tattoos to hunt for the man he thinks killed his wife, which is the last thing he remembers.",https://m.media-amazon.com/images/M/MV5BYmQ3MjliNjAtNWFiZS00YWI1LTlmZTktMzBiNDE1NjRhZjU0XkEyXkFqcGc@._V1_.jpg,R,6780,2000
tt0910970,WALL·E,"A robot who is responsible for cleaning a waste-covered Earth meets another robot and falls in love with her. Together, they set out on a journey that will alter the fate of mankind.",https://m.media-amazon.com/images/M/MV5BMjExMTg5OTU0NF5BMl5BanBnXkFtZTcwMjMxMzMzMw@@._V1_.jpg,G,5880,2008
tt0082971,Raiders of the Lost Ark,"In 1936, archaeologists and adventurers of the U.S. government hired Indiana Jones to find the Ark of the Covenant before the Nazis could obtain its extraordinary powers.",https://m.media-amazon.com/images/M/MV5BOGNhMjg2ZjgtYzk4Ni00MTViLTg1MmUtYzM2MDZiYjZlMmU3XkEyXkFqcGc@._V1_.jpg,PG,6900,1981
tt0405094,Das Leben der Anderen,"In 1984 East Berlin, an agent of the secret police conducting surveillance on a writer and his lover finds himself becoming increasingly absorbed by their lives.",https://m.media-amazon.com/images/M/MV5BYjM1N2Q0YWEtN2E5MC00NDM3LTk2NTEtMTc1NTk5OTA5ZGIzXkEyXkFqcGc@._V1_.jpg,R,8220,2006
tt23849204,12th Fail,The real-life story of IPS Officer Manoj Kumar Sharma and IRS Officer Shraddha Joshi.,https://m.media-amazon.com/images/M/MV5BNTE3OTIxZDYtNjA0NC00N2YxLTg1NGQtOTYxNmZkMDkwOWNjXkEyXkFqcGc@._V1_.jpg,N/A,8820,2023
tt0043014,Sunset Blvd.,A screenwriter develops a dangerous relationship with a faded film star determined to make a triumphant return.,https://m.media-amazon.com/images/M/MV5BMTU0NTkyNzYwMF5BMl5BanBnXkFtZTgwMDU0NDk5MTI@._V1_.jpg,Approved,6600,1950
tt4154756,Avengers: Infinity War,The Avengers and their allies must be willing to sacrifice all in an attempt to defeat the powerful Thanos before his blitz of devastation and ruin puts an end to the universe.,https://m.media-amazon.com/images/M/MV5BMjMxNjY2MDU1OV5BMl5BanBnXkFtZTgwNzY1MTUwNTM@._V1_.jpg,PG-13,8940,2018
tt4633694,Spider-Man: Into the Spider-Verse,Teen Miles Morales becomes the Spider-Man of his universe and must join with five spider-powered individuals from other dimensions to stop a threat for all realities.,https://m.media-amazon.com/images/M/MV5BMjMwNDkxMTgzOF5BMl5BanBnXkFtZTgwNTkwNTQ3NjM@._V1_.jpg,PG,7020,2018
tt0050825,Paths of Glory,A colonel defends three of his soldiers in a court-martial after they abandon a suicidal attack.,https://m.media-amazon.com/images/M/MV5BNmQ2NmI2ODYtMDQzNS00NzQyLTkzZjgtZmZlYTQ5MTc1OWU3XkEyXkFqcGc@._V1_.jpg,Approved,5280,1957
tt0051201,Witness for the Prosecution,A veteran British barrister must defend his client in a murder trial that has surprise after surprise.,https://m.media-amazon.com/images/M/MV5BNjRhNTQzMzQtMWViMi00ODQ1LTg0MTEtYWE4ZWZlYjM4YjJhXkEyXkFqcGc@._V1_.jpg,Approved,6960,1957
tt0081505,The Shining,"A family heads to an isolated hotel for the winter, where a sinister presence influences the father into violence. At the same time, his psychic son sees horrifying forebodings from both the past and the future.",https://m.media-amazon.com/images/M/MV5BNmM5ZThhY2ItOGRjOS00NzZiLWEwYTItNDgyMjFkOTgxMmRiXkEyXkFqcGc@._V1_.jpg,R,8760,1980
tt0032553,The Great Dictator,Dictator Adenoid Hynkel tries to expand his empire while a poor Jewish barber tries to avoid persecution from Hynkel's regime.,https://m.media-amazon.com/images/M/MV5BMjc4ZjEwNDUtMjlmZS00NzQ4LTg2N2MtMGI3ZjMyMmM3ZDM2XkEyXkFqcGc@._V1_.jpg,G,7500,1940
tt0090605,Aliens,"Decades after surviving the Nostromo incident, Ellen Ripley is sent out to re-establish contact with a terraforming colony but finds herself battling the Alien Queen and her offspring.",https://m.media-amazon.com/images/M/MV5BZjIyNGJhYzYtN2I1My00OTVhLWEyMzItZTVjNDMzOTVkYWViXkEyXkFqcGc@._V1_.jpg,R,8220,1986
tt0361748,Inglourious Basterds,"In Nazi-occupied France during World War II, a plan to assassinate Nazi leaders by a group of Jewish U.S. soldiers coincides with a theatre owner's vengeful plans for the same.",https://m.media-amazon.com/images/M/MV5BODZhMWJlNjYtNDExNC00MTIzLTllM2ItOGQ2NGVjNDQ3MzkzXkEyXkFqcGc@._V1_.jpg,R,9180,2009
tt1345836,The Dark Knight Rises,"Bane, an imposing terrorist, attacks Gotham City and disrupts its eight-year-long period of peace. This forces Bruce Wayne to come out of hiding and don the cape and cowl of Batman again.",https://m.media-amazon.com/images/M/MV5BMTk4ODQzNDY3Ml5BMl5BanBnXkFtZTcwODA0NTM4Nw@@._V1_.jpg,PG-13,9840,2012
tt2380307,Coco,"Aspiring musician Miguel, confronted with his family's ancestral ban on music, enters the Land of the Dead to find his great-great-grandfather, a legendary singer.",https://m.media-amazon.com/images/M/MV5BMDIyM2E2NTAtMzlhNy00ZGUxLWI1NjgtZDY5MzhiMDc5NGU3XkEyXkFqcGc@._V1_.jpg,PG,6300,2017
tt0086879,Amadeus,"The life, success and troubles of Wolfgang Amadeus Mozart, as told by Antonio Salieri, the contemporaneous composer who was deeply jealous of Mozart's talent and claimed to have murdered him.",https://m.media-amazon.com/images/M/MV5BMzc2MjM0NTMtOGY4NC00NzY1LWE2ODUtZjMzY2RhNGNkZDAyXkEyXkFqcGc@._V1_.jpg,PG,9600,1984
tt0114709,Toy Story,A cowboy doll is profoundly threatened and jealous when a new spaceman action figure supplants him as top toy in a boy's bedroom.,https://m.media-amazon.com/images/M/MV5BNjBlOWZkMWYtZDcyYS00YTRjLWJmZTgtMDA4MmE2NGJjNmRhXkEyXkFqcGc@._V1_.jpg,G,4860,1995
tt0057012,Dr. Strangelove or: How I Learned to Stop Worrying and Love the Bomb,"An unhinged American general orders a bombing attack on the Soviet Union, triggering a path to nuclear holocaust that a war room full of politicians and generals frantically tries to stop.",https://m.media-amazon.com/images/M/MV5BMjFjYzBlOTktMTI2OS00ZWVhLTgxMDUtNzAwODY2NmI3YTAzXkEyXkFqcGc@._V1_.jpg,PG,5700,1964
tt0364569,Oldeuboi,"After being kidnapped and imprisoned for fifteen years, Oh Dae-Su is released, only to find that he must track down his captor in five days.",https://m.media-amazon.com/images/M/MV5BMTI3NTQyMzU5M15BMl5BanBnXkFtZTcwMTM2MjgyMQ@@._V1_.jpg,17,7200,2003
tt0169547,American Beauty,A sexually frustrated suburban father has a mid-life crisis after becoming infatuated with his daughter's best friend.,https://m.media-amazon.com/images/M/MV5BMDI1MDE0OTMtMmI2MS00Yjc2LTg2MTItMWExYTg5NzA1OGUzXkEyXkFqcGc@._V1_.jpg,R,7320,1999
tt4154796,Avengers: Endgame,"After the devastating events of Avengers: Infinity War (2018), the universe is in ruins. With the help of remaining allies, the Avengers assemble once more in order to reverse Thanos' actions and restore balance to the universe.",https://m.media-amazon.com/images/M/MV5BMTc5MDE2ODcwNV5BMl5BanBnXkFtZTgwMzI2NzQ2NzM@._V1_.jpg,PG-13,10860,2019
tt0082096,Das Boot,A German U-boat stalks the frigid waters of the North Atlantic as its young crew experience the sheer terror and claustrophobic life of a submariner in World War II.,https://m.media-amazon.com/images/M/MV5BNGU0MWZlMTUtM2Y3Ny00NGNmLWE5NmEtN2YxOWQzMGM3ZWYzXkEyXkFqcGc@._V1_.jpg,N/A,8940,1981
tt0119217,Good Will Hunting,"Will Hunting, a janitor at MIT, has a gift for mathematics, but needs help from a psychologist to find direction in his life.",https://m.media-amazon.com/images/M/MV5BNDdjZGQ5YzEtNTc2My00Mjc0LWFlMTctYzkwMzZlNzdiZWYzXkEyXkFqcGc@._V1_.jpg,R,7560,1997
tt0112573,Braveheart,Scottish warrior William Wallace leads his countrymen in a rebellion to free his homeland from the tyranny of King Edward I of England.,https://m.media-amazon.com/images/M/MV5BNGMxZDBhNGQtYTZlNi00N2UzLWI4NDEtNmUzNWM2NTdmZDA0XkEyXkFqcGc@._V1_.jpg,R,10680,1995
tt0119698,Mononoke-hime,"On a journey to find the cure for a Tatarigami's curse, Ashitaka finds himself in the middle of a war between the forest gods and Tatara, a mining colony. In this quest he also meets San, the Mononoke Hime.",https://m.media-amazon.com/images/M/MV5BNjAzODViNGEtMjBkYi00N2U5LWJjNjAtY2U0MGJhZTEwOTU0XkEyXkFqcGc@._V1_.jpg,PG-13,7980,1997
tt5311514,Kimi no na wa.,"Two teenagers share a profound, magical connection upon discovering they are swapping bodies. Things manage to become even more complicated when the boy and girl decide to meet in person.",https://m.media-amazon.com/images/M/MV5BNThhN2U5MzAtMjI1MS00MDUyLWJjOGEtZTFlZmQ4NGUwMjU4XkEyXkFqcGc@._V1_.jpg,N/A,6360,2016
tt0057565,Tengoku to jigoku,An executive of a Yokohama shoe company becomes a victim of extortion when his chauffeur's son is kidnapped by mistake and held for ransom.,https://m.media-amazon.com/images/M/MV5BOTFmOTNjYjUtMDA2MC00ZTJiLThiYzktNDdjNzQwMjNkN2NmXkEyXkFqcGc@._V1_.jpg,Not Rated,8580,1963
tt7286456,Joker,"Arthur Fleck, a party clown and a failed stand-up comedian, leads an impoverished life with his ailing mother. However, when society shuns him and brands him as a freak, he decides to embrace the life of chaos in Gotham City.",https://m.media-amazon.com/images/M/MV5BNzY3OWQ5NDktNWQ2OC00ZjdlLThkMmItMDhhNDk3NTFiZGU4XkEyXkFqcGc@._V1_.jpg,R,7320,2019
tt1187043,3 Idiots,"Two friends are searching for their long lost companion. They revisit their college days and recall the memories of their friend who inspired them to think differently, even as the rest of the world called them ""idiots"".",https://m.media-amazon.com/images/M/MV5BNzc4ZWQ3NmYtODE0Ny00YTQ4LTlkZWItNTBkMGQ0MmUwMmJlXkEyXkFqcGc@._V1_.jpg,PG-13,10200,2009
tt0087843,Once Upon a Time in America,"A former Prohibition-era Jewish gangster returns to the Lower East Side of Manhattan 35 years later, where he must once again confront the ghosts and regrets of his old life.",https://m.media-amazon.com/images/M/MV5BMDQ0ZTg2OGUtZjMyOC00M2M5LThkMmItZmM2MmUzMmIxMWJhXkEyXkFqcGc@._V1_.jpg,R,13740,1984
tt0045152,Singin' in the Rain,A silent film star falls for a chorus girl just as he and his delusionally jealous screen partner are trying to make the difficult transition to talking pictures in 1920s Hollywood.,https://m.media-amazon.com/images/M/MV5BMGQzZDFjZWUtZDU4ZS00ZjM3LTgyYmItYjA3YmIwYzRkZWY3XkEyXkFqcGc@._V1_.jpg,G,6180,1952
tt8267604,Capharnaüm,"While serving a five-year sentence for a violent crime, a 12-year-old boy sues his parents for neglect.",https://m.media-amazon.com/images/M/MV5BYmU3YjhiM2UtMDUwNC00NTVlLTkwZmEtMDI2ZDVjNzhjNzk5XkEyXkFqcGc@._V1_.jpg,R,7560,2018
tt0091251,Idi i smotri,"After finding an old rifle, a young boy joins the Soviet resistance movement against ruthless German forces and experiences the horrors of World War II.",https://m.media-amazon.com/images/M/MV5BNDlkZmVkZDAtZGFmMS00OWIzLWJkY2YtNWE5NjNhNjhiZGE3XkEyXkFqcGc@._V1_.jpg,Not Rated,8520,1985
tt0180093,Requiem for a Dream,The drug-induced utopias of four Coney Island people are shattered when their addictions run deep.,https://m.media-amazon.com/images/M/MV5BN2ZlMjIzZjctYzA2My00ZWYyLWI4ZjctMGI2NWYyNzFiZjAwXkEyXkFqcGc@._V1_.jpg,NC-17,6120,2000
tt0435761,Toy Story 3,"The toys are mistakenly delivered to a day-care center instead of the attic right before Andy leaves for college, and it's up to Woody to convince the other toys that they weren't abandoned and to return home.",https://m.media-amazon.com/images/M/MV5BMGRiMjg2ZmItYjFjMy00NjUwLWI5YjUtOThhMTJiMGU5NWI4XkEyXkFqcGc@._V1_.jpg,G,6180,2010
tt0086190,Star Wars: Episode VI - Return of the Jedi,"After rescuing Han Solo from Jabba the Hutt, the Rebel Alliance attempts to destroy the second Death Star while Luke struggles to help Darth Vader back from the dark side.",https://m.media-amazon.com/images/M/MV5BNWEwOTI0MmUtMGNmNy00ODViLTlkZDQtZTg1YmQ3MDgyNTUzXkEyXkFqcGc@._V1_.jpg,PG,7860,1983
tt2106476,Jagten,"A teacher lives a lonely life, all the while struggling over his son's custody. His life slowly gets better as he finds love and receives good news from his son, but his new luck is about to be brutally shattered by an innocent little lie.",https://m.media-amazon.com/images/M/MV5BMTg2NDg3ODg4NF5BMl5BanBnXkFtZTcwNzk3NTc3Nw@@._V1_.jpg,R,6900,2012
tt0338013,Eternal Sunshine of the Spotless Mind,"When their relationship turns sour, a couple undergoes a medical procedure to have each other erased from their memories forever.",https://m.media-amazon.com/images/M/MV5BMTY4NzcwODg3Nl5BMl5BanBnXkFtZTcwNTEwOTMyMw@@._V1_.jpg,R,6480,2004
tt0044741,Ikiru,A bureaucrat tries to find meaning in his life after he discovers he has terminal cancer.,https://m.media-amazon.com/images/M/MV5BZTk4OGEwNDQtOGI2MC00MTU2LTk0YTEtNmU5NTIxMWNkNDhlXkEyXkFqcGc@._V1_.jpg,Not Rated,8580,1952
tt0062622,2001: A Space Odyssey,"When a mysterious artifact is uncovered on the Moon, a spacecraft manned by two humans and one supercomputer is sent to Jupiter to find its origins.",https://m.media-amazon.com/images/M/MV5BNjU0NDFkMTQtZWY5OS00MmZhLTg3Y2QtZmJhMzMzMWYyYjc2XkEyXkFqcGc@._V1_.jpg,G,8940,1968
tt0105236,Reservoir Dogs,"When a simple jewelry heist goes horribly wrong, the surviving criminals begin to suspect that one of them is a police informant.",https://m.media-amazon.com/images/M/MV5BMmMzYjg4NDctYWY0Mi00OGViLWIzMTMtYWNlZGY5ZDJmYjk3XkEyXkFqcGc@._V1_.jpg,R,5940,1992
tt0056172,Lawrence of Arabia,"The story of T.E. Lawrence, the English officer who successfully united and led the diverse, often warring, Arab tribes during World War I in order to fight the Turks.",https://m.media-amazon.com/images/M/MV5BYjY0YTQ1OTAtYjEyNy00NTQ4LThlMTQtM2QwYTVhYWFhNjU5XkEyXkFqcGc@._V1_.jpg,PG,13620,1962
tt0053604,The Apartment,"A Manhattan insurance clerk tries to rise in his company by letting its executives use his apartment for trysts, but office politics and his own romantic hopes complicate matters.",https://m.media-amazon.com/images/M/MV5BNDdhMzVhOWQtNDU2Mi00ZmZmLWJiZDMtY2QxMjhjY2Y1ZTI5XkEyXkFqcGc@._V1_.jpg,Approved,7500,1960
tt1255953,Incendies,Twins journey to the Middle East to discover their family history and fulfill their mother's last wishes.,https://m.media-amazon.com/images/M/MV5BYWFmMjdmNjctNzhhOC00ZmMzLTkwOGItMmVmZDU4MjE2MTYwXkEyXkFqcGc@._V1_.jpg,R,7860,2010
tt0086250,Scarface,"Miami in the 1980s: a determined criminal-minded Cuban immigrant becomes the biggest drug smuggler in Florida, and is eventually undone by his own drug addiction.",https://m.media-amazon.com/images/M/MV5BNDUzYjY0NmUtMDM4OS00Y2Q5LWJiODYtNTk0ZTk0YjZhMTg1XkEyXkFqcGc@._V1_.jpg,R,10200,1983
tt0053125,North by Northwest,"A New York City advertising executive goes on the run after being mistaken for a government agent by a group of foreign spies, and falls for a woman whose loyalties he begins to doubt.",https://m.media-amazon.com/images/M/MV5BZWIzODI2OGItMzM0Ny00OGRmLTlkNmItMDQxMTFmMTk3YmQwXkEyXkFqcGc@._V1_.jpg,Approved,8160,1959
tt0036775,Double Indemnity,"An insurance representative is seduced by a dissatisfied housewife into a scheme of insurance fraud and murder that arouses the suspicion of his colleague, a claims investigator.",https://m.media-amazon.com/images/M/MV5BM2YwNjZlZDktNTlmNS00ODQwLWJmNmUtYmE1NTBhYjc1YTY5XkEyXkFqcGc@._V1_.jpg,Approved,6420,1944
tt0033467,Citizen Kane,"Following the death of publishing tycoon Charles Foster Kane, reporters scramble to uncover the meaning of his final utterance: 'Rosebud.'",https://m.media-amazon.com/images/M/MV5BYjk1ZDJlMmUtOWQ0Zi00MDM5LTk1OGYtODczNjFmMGYwZGVkXkEyXkFqcGc@._V1_.jpg,PG,7140,1941
tt0022100,M - Eine Stadt sucht einen Mörder,"When the police in a German city are unable to catch a child-murderer, other criminals join in the manhunt.",https://m.media-amazon.com/images/M/MV5BODA4ODk3OTEzMF5BMl5BanBnXkFtZTgwMTQ2ODMwMzE@._V1_.jpg,Passed,7020,1931
tt0052357,Vertigo,"A former San Francisco police detective juggles wrestling with his personal demons and becoming obsessed with the hauntingly beautiful woman he has been hired to trail, who may be deeply disturbed.",https://m.media-amazon.com/images/M/MV5BNzEyZTUxMWItMGVhYy00Y2NlLTljYTMtYzBmMzI1YmUyMDBkXkEyXkFqcGc@._V1_.jpg,PG,7680,1958
tt0113277,Heat,A group of high-end professional thieves start to feel the heat from the LAPD when they unknowingly leave a verbal clue at their latest heist.,https://m.media-amazon.com/images/M/MV5BMTkxYjU1OTMtYWViZC00ZjAzLWI3MDktZGQ2N2VmMjVjNDRlXkEyXkFqcGc@._V1_.jpg,R,10200,1995
tt0093058,Full Metal Jacket,A pragmatic U.S. Marine observes the dehumanizing effects the Vietnam War has on his fellow recruits from their brutal boot camp training to the bloody street fighting in Hue.,https://m.media-amazon.com/images/M/MV5BYWUzNzZkNzUtNDdiYy00Nzk5LTgxMmItNTk0MjRjNjdjNDA0XkEyXkFqcGc@._V1_.jpg,R,6960,1987
tt15398776,Oppenheimer,"A dramatization of the life story of J. Robert Oppenheimer, the physicist who had a large hand in the development of the atomic bombs that brought an end to World War II.",https://m.media-amazon.com/images/M/MV5BN2JkMDc5MGQtZjg3YS00NmFiLWIyZmQtZTJmNTM5MjVmYTQ4XkEyXkFqcGc@._V1_.jpg,R,10800,2023
tt1049413,Up,"78-year-old Carl Fredricksen travels to South America in his house equipped with balloons, inadvertently taking a young stowaway.",https://m.media-amazon.com/images/M/MV5BNzVjODk2MGItMzdkNC00NGI1LThkZmEtZmI3MWNhY2FkNjRkXkEyXkFqcGc@._V1_.jpg,PG,5760,2009
tt0211915,Le fabuleux destin d'Amélie Poulain,"Despite being caught in her imaginative world, young waitress Amelie decides to help people find happiness. Her quest to spread joy leads her on a journey during which she finds true love.",https://m.media-amazon.com/images/M/MV5BOTNmYzY0MWQtZGZmNy00Y2Y4LWFmMDQtMTZjYTdiYzEwZGQ2XkEyXkFqcGc@._V1_.jpg,R,7320,2001
tt0066921,A Clockwork Orange,Alex DeLarge and his droogs barbarize a decaying near-future.,https://m.media-amazon.com/images/M/MV5BMTY3MjM1Mzc4N15BMl5BanBnXkFtZTgwODM0NzAxMDE@._V1_.jpg,R,8160,1971
tt0056592,To Kill a Mockingbird,A widowed lawyer in Depression-era Alabama defends a black man against a false rape charge while teaching his young children about the sad reality of prejudice.,https://m.media-amazon.com/images/M/MV5BZTlkYWU4MGEtZmQyYi00OWEzLTgzY2EtYzVjOTEzYzAyNTk1XkEyXkFqcGc@._V1_.jpg,Approved,7740,1962
tt1832382,Jodaeiye Nader az Simin,A married couple are faced with a difficult decision - to improve the life of their child by moving to another country or to stay in Iran and look after a deteriorating parent who has Alzheimer's disease.,https://m.media-amazon.com/images/M/MV5BMDM0ZWRmMzctM2M5ZS00ZjU0LWIxN2MtNWNlNGY1ZDhjMDVhXkEyXkFqcGc@._V1_.jpg,PG-13,7380,2011
tt0070735,The Sting,Two grifters team up to pull off the ultimate con.,https://m.media-amazon.com/images/M/MV5BZGI4OTk4MDMtYmQ1Ni00YTUzLTkyYTktZGUwMjMyN2M4NjQ5XkEyXkFqcGc@._V1_.jpg,PG,7740,1973
tt0095016,Die Hard,A New York City police officer tries to save his estranged wife and several others taken hostage by terrorists during a Christmas party at the Nakatomi Plaza in Los Angeles.,https://m.media-amazon.com/images/M/MV5BMGNlYmM1NmQtYWExMS00NmRjLTg5ZmEtMmYyYzJkMzljYWMxXkEyXkFqcGc@._V1_.jpg,R,7920,1988
tt0097576,Indiana Jones and the Last Crusade,"In 1938, after his father goes missing while pursuing the Holy Grail, Indiana Jones finds himself up against the Nazis again to stop them from obtaining its powers.",https://m.media-amazon.com/images/M/MV5BNGIxNzQ0YzYtMjNmYi00YjBlLWFjNzEtNGE3ZGFmYTczM2MwXkEyXkFqcGc@._V1_.jpg,PG-13,7620,1989
tt0986264,Taare Zameen Par,A young boy is thought to be nothing but a lazy troublemaker until the new art teacher has the patience and compassion to discover the real problem behind his struggles in school.,https://m.media-amazon.com/images/M/MV5BZTI0ZGRiMDEtNGNjMS00MGU4LWI3OTktNzcxMDZmZTk3MTljXkEyXkFqcGc@._V1_.jpg,PG,9720,2007
tt0017136,Metropolis,"In a futuristic city sharply divided between the working class and the city planners, the son of the city's mastermind falls in love with a working-class prophet who predicts the coming of a savior to mediate their differences.",https://m.media-amazon.com/images/M/MV5BMjhjMGYyMjAtMzJkYy00NzhlLWIwY2MtMWQ2ODIxZDUyOGYyXkEyXkFqcGc@._V1_.jpg,Not Rated,9180,1927
tt0208092,Snatch,"Unscrupulous boxing promoters, violent bookmakers, a Russian gangster, incompetent amateur robbers and supposedly Jewish jewelers fight to track down a priceless stolen diamond.",https://m.media-amazon.com/images/M/MV5BYzk5NjJkMTQtN2IyNC00YWM5LTlhZmMtNGI3MWNhMTU1YTc4XkEyXkFqcGc@._V1_.jpg,R,6240,2000
tt8579674,1917,"April 6th, 1917. As an infantry battalion assembles to wage war deep in enemy territory, two soldiers are assigned to race against time and deliver a message that will stop 1,600 men from walking straight into a deadly trap.",https://m.media-amazon.com/images/M/MV5BYmQ5NWZiZGUtZWEyYi00MjBkLTkwOTUtM2VlZGYyMWI4YjA5XkEyXkFqcGc@._V1_.jpg,R,7140,2019
tt0119488,L.A. Confidential,"As corruption grows in 1950s Los Angeles, three policemen - one strait-laced, one brutal, and one sleazy - investigate a series of murders with their own brand of justice.",https://m.media-amazon.com/images/M/MV5BODdiMjY1OGYtNDk0NC00NGQ1LWI4MDItOTJhMTM0YjE1YTAzXkEyXkFqcGc@._V1_.jpg,R,8280,1997
tt0040522,Ladri di biciclette,"In post-war Italy, a working-class man's bicycle is stolen, endangering his efforts to find work. He and his son set out to find it.",https://m.media-amazon.com/images/M/MV5BZTQzYTIxYzItYmQ5YS00MmFhLWEyMjItNTBhMTRmM2Y5MDJhXkEyXkFqcGc@._V1_.jpg,Not Rated,5340,1948
tt0363163,Der Untergang,"Traudl Junge, the final secretary for Adolf Hitler, tells of the Nazi dictator's final days in his Berlin bunker at the end of WWII.",https://m.media-amazon.com/images/M/MV5BMTU0NTU5NTAyMl5BMl5BanBnXkFtZTYwNzYwMDg2._V1_.jpg,R,9360,2004
tt0075314,Taxi Driver,"A mentally unstable veteran works as a nighttime taxi driver in New York City, where the perceived decadence and sleaze fuels his urge for violent action.",https://m.media-amazon.com/images/M/MV5BZDNhMGYwM2UtMTdlZS00MGQ1LWI2YzAtODY5YWI1MjYyNzRmXkEyXkFqcGc@._V1_.jpg,R,6840,1976
tt8503618,Hamilton,"The real life of one of America's foremost founding fathers and first Secretary of the Treasury, Alexander Hamilton. Captured live on Broadway from the Richard Rodgers Theater with the original Broadway cast.",https://m.media-amazon.com/images/M/MV5BYzBhOWY4ZTktMjE2NS00ZGIyLWJkOGMtNDQyN2JjZWFiODdiXkEyXkFqcGc@._V1_.jpg,PG-13,9600,2020
tt5074352,Dangal,"Mahavir Singh Phogat, a former wrestler, decides to fulfill his dream of winning a gold medal for his country by training his daughters for the Commonwealth Games despite the existing social stigmas.",https://m.media-amazon.com/images/M/MV5BMGYwNzRhYzktNTIxMC00MmY4LWI1NjMtYzY2YWNjNWZmNWU0XkEyXkFqcGc@._V1_.jpg,Not Rated,9660,2016
tt0993846,The Wolf of Wall Street,"Based on the true story of Jordan Belfort, from his rise to a wealthy stock-broker living the high life to his fall involving crime, corruption and the federal government.",https://m.media-amazon.com/images/M/MV5BZmZmNWE0YjEtYWE4YS00MTcyLWFkZGQtZTEyYzdmMWE3ZGU3XkEyXkFqcGc@._V1_.jpg,R,10800,2013
tt0372784,Batman Begins,"After witnessing his parents' death, Bruce learns the art of fighting to confront injustice. When he returns to Gotham as Batman, he must stop a secret society that intends to destroy the city.",https://m.media-amazon.com/images/M/MV5BODIyMDdhNTgtNDlmOC00MjUxLWE2NDItODA5MTdkNzY3ZTdhXkEyXkFqcGc@._V1_.jpg,PG-13,8400,2005
tt0059578,Per qualche dollaro in più,Two bounty killers with similar intentions but different motivations team up to track down a psychotic Mexican outlaw before he and his gang can carry out an audacious bank robbery.,https://m.media-amazon.com/images/M/MV5BNTRmOTcyYmYtMTIwNi00ZGYyLTk4YjYtZGJlZTgwZGY0NGQyXkEyXkFqcGc@._V1_.jpg,R,7920,1965
tt6966692,Green Book,A working-class Italian-American bouncer becomes the driver for an African-American classical pianist on a tour of venues through the 1960s American South.,https://m.media-amazon.com/images/M/MV5BNWQ4OGNlZGItMTdiNy00ZWU2LWIxMDgtZGEzMTgyMzgxZjI2XkEyXkFqcGc@._V1_.jpg,PG-13,7800,2018
tt0053291,Some Like It Hot,"After two male musicians witness a mob hit, they flee the state in an all-female band disguised as women, but further complications set in.",https://m.media-amazon.com/images/M/MV5BZTllZDYyNjEtY2RmMS00NmJhLWI4ODAtMTQ0NWFiZTJhZjA0XkEyXkFqcGc@._V1_.jpg,Approved,7260,1959
tt0120382,The Truman Show,An insurance salesman discovers his whole life is actually a reality TV show.,https://m.media-amazon.com/images/M/MV5BNzA3ZjZlNzYtMTdjMy00NjMzLTk5ZGYtMTkyYzNiOGM1YmM3XkEyXkFqcGc@._V1_.jpg,PG,6180,1998
tt0055031,Judgment at Nuremberg,"Fictionalized depiction of the 1947 Judges' Trial, the third of twelve trials of Nazi war criminals conducted by the American occupying forces in Nuremberg, Germany, in which former judges of Nazi Germany were tried for their actions.",https://m.media-amazon.com/images/M/MV5BNDc2ODQ5NTE2MV5BMl5BanBnXkFtZTcwODExMjUyNA@@._V1_.jpg,Approved,10740,1961
tt0012349,The Kid,"The Tramp cares for an abandoned child, but events put their relationship in jeopardy.",https://m.media-amazon.com/images/M/MV5BNjkxMzY1NTQtN2YwOS00NmIwLTlkNTMtMjNkMzk1ZTk3ZDU2XkEyXkFqcGc@._V1_.jpg,Passed,4080,1921
tt10272386,The Father,"A man refuses all assistance from his daughter as he ages. As he tries to make sense of his changing circumstances, he begins to doubt his loved ones, his own mind and even the fabric of his reality.",https://m.media-amazon.com/images/M/MV5BY2FhNDQ1NDQtZGVlNi00M2E0LTg1MGMtN2RhNWY1OGRjMzk2XkEyXkFqcGc@._V1_.jpg,PG-13,5820,2020
tt1130884,Shutter Island,Two US marshals are sent to a mental institution on an inhospitable island in order to investigate the disappearance of a patient.,https://m.media-amazon.com/images/M/MV5BODRiMzFmOGYtZTIzMi00N2E0LTk0MzgtYTk0Y2E5ODQ5MjQ2XkEyXkFqcGc@._V1_.jpg,R,8280,2010
tt0042192,All About Eve,A seemingly timid but secretly ruthless ingénue insinuates herself into the lives of an aging Broadway star and her circle of theater friends.,https://m.media-amazon.com/images/M/MV5BOTM4ZjUzOGUtYzdlZi00ZmM5LTk5NTEtMjQxNDVmOTc5NWNlXkEyXkFqcGc@._V1_.jpg,Approved,8280,1950
tt0469494,There Will Be Blood,"A story of family, religion, hatred, oil and madness, focusing on a turn-of-the-century prospector in the early days of the business.",https://m.media-amazon.com/images/M/MV5BMjAxODQ4MDU5NV5BMl5BanBnXkFtZTcwMDU4MjU1MQ@@._V1_.jpg,R,9480,2007
tt0107290,Jurassic Park,"An industrialist invites some experts to visit his theme park of cloned dinosaurs. After a power failure, the creatures run loose, putting everyone's lives, including his grandchildren's, in danger.",https://m.media-amazon.com/images/M/MV5BMjM2MDgxMDg0Nl5BMl5BanBnXkFtZTgwNTM2OTM5NDE@._V1_.jpg,PG-13,7620,1993
tt0112641,Casino,"In Las Vegas, two best friends--a casino executive and a Mafia enforcer--compete for a gambling empire and a fast-living, fast-loving socialite.",https://m.media-amazon.com/images/M/MV5BMDRlZWZjZjYtYzY2NS00ZWVjLTkwYzAtZTA2ZDAzMGRiYmYwXkEyXkFqcGc@._V1_.jpg,17,10680,1995
tt1745960,Top Gun: Maverick,"The story involves Maverick confronting his past while training a group of younger Top Gun graduates, including the son of his deceased best friend, for a dangerous mission.",https://m.media-amazon.com/images/M/MV5BMDBkZDNjMWEtOTdmMi00NmExLTg5MmMtNTFlYTJlNWY5YTdmXkEyXkFqcGc@._V1_.jpg,PG-13,7800,2022
tt0167404,The Sixth Sense,A child psychologist starts treating a young boy with a disturbing secret.,https://m.media-amazon.com/images/M/MV5BZWQ2OTY0M2UtMTQxNC00MmIzLTllNDQtNDQ0MTQyYzI2M2ZiXkEyXkFqcGc@._V1_.jpg,PG-13,6420,1999
tt0089881,Ran,"In Medieval Japan, an elderly warlord retires, handing over his empire to his three sons. However, he vastly underestimates how the new-found power will corrupt them and cause them to turn on each other...and him.",https://m.media-amazon.com/images/M/MV5BZDk2NDY5YjktMjEyMC00OTJhLTkzM2EtY2Q4Y2RjYzc2Yjk4XkEyXkFqcGc@._V1_.jpg,R,9600,1985
tt0457430,El laberinto del fauno,"In 1944 Spain, a girl is sent to live with her ruthless stepfather. During the night, she meets a fairy who takes her to an old faun. He tells her she's a princess, but must prove her royalty by surviving three gruesome tasks.",https://m.media-amazon.com/images/M/MV5BOTc1NTAxMWItMWFlNy00MmU2LTkwMTMtNzMwOTg5OTQ5YTFiXkEyXkFqcGc@._V1_.jpg,R,7080,2006
tt0477348,No Country for Old Men,Violence and mayhem ensue after a hunter stumbles upon the aftermath of a drug deal gone wrong and over two million dollars in cash near the Rio Grande.,https://m.media-amazon.com/images/M/MV5BMjA5Njk3MjM4OV5BMl5BanBnXkFtZTcwMTc5MTE1MQ@@._V1_.jpg,R,7320,2007
tt0105695,Unforgiven,Retired Old West gunslinger Will Munny reluctantly takes on one last job to avenge an injustice with the help of his old partner and a newer outlaw known simply as The Schofield Kid.,https://m.media-amazon.com/images/M/MV5BNmZmMzM3YWMtZjg5Yi00M2MxLTg3ZGItNGU4YjQxNDAxM2Q4XkEyXkFqcGc@._V1_.jpg,R,7800,1992
tt0084787,The Thing,A research team in Antarctica is hunted by a shape-shifting alien that assumes the appearance of its victims.,https://m.media-amazon.com/images/M/MV5BYTA3NDU5MWEtNTk4Yy00ZDNkLThmZTQtMjU3ZGVhYzAyMzU4XkEyXkFqcGc@._V1_.jpg,R,6540,1982
tt0268978,A Beautiful Mind,"A mathematical genius, John Nash made an astonishing discovery early in his career and stood on the brink of international acclaim. But the handsome and arrogant Nash soon found himself on a harrowing journey of self-discovery.",https://m.media-amazon.com/images/M/MV5BNzljZTk5ZDgtZTQ1Zi00NTM4LThlOGUtZDk2MGM4NDQ4NWQyXkEyXkFqcGc@._V1_.jpg,PG-13,8100,2001
tt0266697,Kill Bill: Vol. 1,"After waking from a four-year coma, a former assassin wreaks vengeance on the team of assassins who betrayed her.",https://m.media-amazon.com/images/M/MV5BZmMyYzJlZmYtY2I3NC00NjAyLTkyZWItZjdjZDI1YTYyYTEwXkEyXkFqcGc@._V1_.jpg,R,6660,2003
tt0040897,The Treasure of the Sierra Madre,Two down-on-their-luck Americans searching for work in 1920s Mexico convince an old prospector to help them mine for gold in the Sierra Madre Mountains.,https://m.media-amazon.com/images/M/MV5BOWM1YjFmODEtMWNhMC00YmI1LWI0Y2EtYzg0YTBhZWI4ODE3XkEyXkFqcGc@._V1_.jpg,Approved,7560,1948
tt29623480,The Wild Robot,"After a shipwreck, an intelligent robot called Roz is stranded on an uninhabited island. To survive the harsh environment, Roz bonds with the island's animals and cares for an orphaned baby goose.",https://m.media-amazon.com/images/M/MV5BYjU5ZTc4YmYtZDhhZi00ZTY4LWE0Y2EtMzI4MTZjZDc3ODdkXkEyXkFqcGc@._V1_.jpg,PG,6120,2024
tt0055630,Yôjinbô,A crafty ronin comes to a town divided by two criminal gangs and decides to play them against each other to free the town.,https://m.media-amazon.com/images/M/MV5BYzFkODA1N2QtY2UyMC00NTMwLWEyNzctMmE3YjIzNzE1MzY4XkEyXkFqcGc@._V1_.jpg,Not Rated,6600,1961
tt1392214,Prisoners,"Keller Dover is facing every parent's worst nightmare. His six-year-old daughter, Anna, is missing, together with her friend, Joy, and as minutes turn to hours, panic sets in. The only lead is an RV that had been parked on their street.",https://m.media-amazon.com/images/M/MV5BMTg0NTIzMjQ1NV5BMl5BanBnXkFtZTcwNDc3MzM5OQ@@._V1_.jpg,R,9180,2013
tt0057115,The Great Escape,Allied prisoners of war plan for several hundred of their men to escape from a German camp during World War II.,https://m.media-amazon.com/images/M/MV5BMDRhNmJjMzEtMWU5MC00YmEyLTg3ZmYtNzYxZTI1ZGU4ZjI1XkEyXkFqcGc@._V1_.jpg,Approved,10320,1963
tt0266543,Finding Nemo,"After his son is captured in the Great Barrier Reef and taken to Sydney, a timid clownfish sets out on a journey to bring him home.",https://m.media-amazon.com/images/M/MV5BMzI0ODc5YzMtNjAwNS00NGYwLThmYTItOTRhOWZhYmY1ZjgwXkEyXkFqcGc@._V1_.jpg,G,6000,2003
tt0071853,Monty Python and the Holy Grail,"King Arthur and his Knights of the Round Table embark on a surreal, low-budget search for the Holy Grail, encountering many, very silly obstacles.",https://m.media-amazon.com/images/M/MV5BYWY4YmUzZmUtMzQ0ZS00N2Y2LWJlODQtN2IwMDc1MWQwMmU3XkEyXkFqcGc@._V1_.jpg,PG,5460,1975
tt0347149,Hauru no ugoku shiro,"When an unconfident young woman is cursed with an old body by a spiteful witch, her only chance of breaking the spell lies with a self-indulgent yet insecure young wizard and his companions in his legged, walking castle.",https://m.media-amazon.com/images/M/MV5BNmFjZmQxZTctMmE0NC00Y2JhLWI3ZDgtYWZmMmRiZTI3YzA1XkEyXkFqcGc@._V1_.jpg,PG,7140,2004
tt0080678,The Elephant Man,"A Victorian surgeon rescues a heavily disfigured man who is mistreated while scraping a living as a side-show freak. Behind his monstrous façade, there is revealed a person of kindness, intelligence and sophistication.",https://m.media-amazon.com/images/M/MV5BMGE3MDZhNmMtMmUxZS00MDJmLTgxYmQtOGU4ODU0Y2JmNDI1XkEyXkFqcGc@._V1_.jpg,PG,7440,1980
tt0042876,Rashômon,"The rape of a bride and the murder of her samurai husband are recalled from the perspectives of a bandit, the bride, the samurai's ghost and a woodcutter.",https://m.media-amazon.com/images/M/MV5BMjEzMzA4NDE2OF5BMl5BanBnXkFtZTcwNTc5MDI2NQ@@._V1_.jpg,Not Rated,5280,1950
tt0046912,Dial M for Murder,A former tennis star arranges the murder of his adulterous wife.,https://m.media-amazon.com/images/M/MV5BZmYzNDgzYjgtNmU3Ny00YzUxLWE3OWUtMjIxZmNkYTVhNDZmXkEyXkFqcGc@._V1_.jpg,PG,6300,1954
tt0031381,Gone with the Wind,A sheltered and manipulative Southern belle and a roguish profiteer face off in a turbulent romance as the society around them crumbles with the end of slavery and is rebuilt during the Civil War and Reconstruction periods.,https://m.media-amazon.com/images/M/MV5BYmYxZTE3YzMtYmE2Yy00NmFlLTkzYTAtYTAzN2IzNDFkN2E0XkEyXkFqcGc@._V1_.jpg,G,14280,1939
tt0071315,Chinatown,"A private detective hired to expose an adulterer in 1930s Los Angeles finds himself caught up in a web of deceit, corruption, and murder.",https://m.media-amazon.com/images/M/MV5BNmRmZTE0NmUtZjhiZi00MzQ3LTk3ZjctN2Q3ODYzY2U3MDk3XkEyXkFqcGc@._V1_.jpg,R,7800,1974
tt1305806,El secreto de sus ojos,A retired legal counselor writes a novel hoping to find closure for one of his past unresolved homicide cases and for his unreciprocated love with his superior - both of which still haunt him decades later.,https://m.media-amazon.com/images/M/MV5BMTgwNTI3OTczOV5BMl5BanBnXkFtZTcwMTM3MTUyMw@@._V1_.jpg,R,7740,2009
tt0120735,"Lock, Stock and Two Smoking Barrels","When four small-time criminals lose a rigged poker game against a London kingpin, he gives them one week to settle their enormous debt.",https://m.media-amazon.com/images/M/MV5BMmY1M2M5ZmMtYzllZC00YzAxLTk4MjktZDJkNjA1MTUwMGQ4XkEyXkFqcGc@._V1_.jpg,R,6420,1998
tt2096673,Inside Out,"After young Riley is uprooted from her Midwest life and moved to San Francisco, her emotions - Joy, Fear, Anger, Disgust and Sadness - conflict on how best to navigate a new city, house, and school.",https://m.media-amazon.com/images/M/MV5BODFkOTNhZTctYzVhNy00ZDYzLWFjNzMtNWRkZTFhZmRjMTc0XkEyXkFqcGc@._V1_.jpg,PG,5700,2015
tt0434409,V for Vendetta,"In a future British dystopian society, a shadowy freedom fighter, known only by the alias of ""V"", plots to overthrow the tyrannical government - with the help of a young woman.",https://m.media-amazon.com/images/M/MV5BOTI5ODc3NzExNV5BMl5BanBnXkFtZTcwNzYxNzQzMw@@._V1_.jpg,(Banned),7920,2005
tt5027774,"Three Billboards Outside Ebbing, Missouri",A mother personally challenges the local authorities to solve her daughter's murder when they fail to catch the culprit.,https://m.media-amazon.com/images/M/MV5BNzlkMjI4NzItZTBjMi00YzFmLWIwZDctYmVhOTdlMGIyZDg0XkEyXkFqcGc@._V1_.jpg,R,6900,2017
tt0081398,Raging Bull,"The life of boxer Jake LaMotta, whose violence and temper that led him to the top in the ring destroyed his life outside of it.",https://m.media-amazon.com/images/M/MV5BMjlkYmYyZWQtNTZkOS00ZjA0LWEwNWUtNzE2ZGNiYjg0MjA2XkEyXkFqcGc@._V1_.jpg,R,7740,1980
tt4729430,Klaus,"A simple act of kindness always sparks another, even in a frozen, faraway place. When Smeerensburg's new postman, Jesper, befriends toymaker Klaus, their gifts melt an age-old feud and deliver a sleigh full of holiday traditions.",https://m.media-amazon.com/images/M/MV5BZDA4ODhlMzctNGRmYi00NmViLTkxZGYtZjRkNGQ5YzYwYWVlXkEyXkFqcGc@._V1_.jpg,PG,5760,2019
tt0117951,Trainspotting,"Renton, deeply immersed in the Edinburgh drug scene, tries to clean up and get out despite the allure of drugs and the influence of friends.",https://m.media-amazon.com/images/M/MV5BYmVkNGJkMzQtYWQwOS00OTZmLThjODQtZjNjNzllYzRiNTE0XkEyXkFqcGc@._V1_.jpg,R,5580,1996
tt0050212,The Bridge on the River Kwai,"British POWs are forced to build a railway bridge across the river Kwai for their Japanese captors in occupied Burma, not knowing that the allied forces are planning a daring commando raid through the jungle to destroy it.",https://m.media-amazon.com/images/M/MV5BNzdkYmU2YmItNmZiYy00OWQyLTg0YWYtZmUxM2U3YTRiNTQ1XkEyXkFqcGc@._V1_.jpg,PG,9660,1957
tt0264464,Catch Me If You Can,"Barely 17 yet, Frank is a skilled forger who has passed as a doctor, lawyer and pilot. FBI agent Carl becomes obsessed with tracking down the con man, who only revels in the pursuit.",https://m.media-amazon.com/images/M/MV5BNzNhYTA1MjAtNzY1Ny00ZDY5LThiYTItZjMxNzc4NTlhMmQxXkEyXkFqcGc@._V1_.jpg,PG-13,8460,2002
tt0116282,Fargo,Minnesota car salesman Jerry Lundegaard's inept crime falls apart due to his and his henchmen's bungling and the persistent police work of the quite pregnant Marge Gunderson.,https://m.media-amazon.com/images/M/MV5BNjg4MWE0MjEtODFhNy00MjA5LTg5ODktMzgwNWFmZTAwNjBlXkEyXkFqcGc@._V1_.jpg,R,5880,1996
tt1291584,Warrior,"The youngest son of an alcoholic former boxer returns home, where he's trained by his father for competition in a mixed martial arts tournament - a path that puts the fighter on a collision course with his estranged, older brother.",https://m.media-amazon.com/images/M/MV5BMTk4ODk5MTMyNV5BMl5BanBnXkFtZTcwMDMyNTg0Ng@@._V1_.jpg,PG-13,8400,2011
tt10872600,Spider-Man: No Way Home,"With Spider-Man's identity now revealed, Peter asks Doctor Strange for help. When a spell goes wrong, dangerous foes from other worlds start to appear.",https://m.media-amazon.com/images/M/MV5BMmFiZGZjMmEtMTA0Ni00MzA2LTljMTYtZGI2MGJmZWYzZTQ2XkEyXkFqcGc@._V1_.jpg,PG-13,8880,2021
tt1205489,Gran Torino,"After a Hmong teenager tries to steal his prized 1972 Gran Torino, a disgruntled, prejudiced Korean War veteran seeks to redeem both the boy and himself.",https://m.media-amazon.com/images/M/MV5BMTc5NTk2OTU1Nl5BMl5BanBnXkFtZTcwMDc3NjAwMg@@._V1_.jpg,R,6960,2008
tt1201607,Harry Potter and the Deathly Hallows - Part 2,"As the battle between the forces of good and evil in the wizarding world escalates, Harry Potter draws ever closer to his final confrontation with Voldemort.",https://m.media-amazon.com/images/M/MV5BYjc3MjM2MmItNDQ0ZC00MWI5LTlhMWUtNzJjNWE0YjBiZGY5XkEyXkFqcGc@._V1_.jpg,PG-13,7800,2011
tt0405159,Million Dollar Baby,"Frankie, an ill-tempered old coach, reluctantly agrees to train aspiring boxer Maggie. Impressed with her determination and talent, he helps her become the best and the two soon form a close bond.",https://m.media-amazon.com/images/M/MV5BMTkxNzA1NDQxOV5BMl5BanBnXkFtZTcwNTkyMTIzMw@@._V1_.jpg,PG-13,7920,2004
tt0096283,Tonari no Totoro,"When two girls move to the country to be near their ailing mother, they have adventures with the wondrous forest spirits who live nearby.",https://m.media-amazon.com/images/M/MV5BMzcxZDI5YjgtNjE5Yy00OTU1LTgyOWItNDJmODYzMTI4ZTNhXkEyXkFqcGc@._V1_.jpg,G,5160,1988
tt1392190,Mad Max: Fury Road,"In a post-apocalyptic wasteland, a woman rebels against a tyrannical ruler in search for her homeland with the aid of a group of female prisoners, a psychotic worshipper and a drifter named Max.",https://m.media-amazon.com/images/M/MV5BZDRkODJhOTgtOTc1OC00NTgzLTk4NjItNDgxZDY4YjlmNDY2XkEyXkFqcGc@._V1_.jpg,R,7200,2015
tt0052618,Ben-Hur,"A Jewish prince is betrayed and sent into slavery by a Roman friend in 1st-century Jerusalem, but it's not long before he regains his freedom and comes back for revenge.",https://m.media-amazon.com/images/M/MV5BNjg2M2E1YzYtOThmMC00NjAyLWI5MzgtMDEwOGFiODdlOGUzXkEyXkFqcGc@._V1_.jpg,(Banned),12720,1959
tt0118849,Bacheha-ye aseman,"After a boy loses his sister's pair of shoes, he goes on a series of adventures in order to find them. When he can't, he tries a new way to ""win"" a new pair.",https://m.media-amazon.com/images/M/MV5BZWZlMjNhNzgtZGRhOS00Y2U5LThjOTctODNjZTI0ZTBiYzBhXkEyXkFqcGc@._V1_.jpg,PG,5340,1997
tt0072684,Barry Lyndon,An Irish rogue wins the heart of a rich widow and assumes her dead husband's aristocratic position in 18th-century England.,https://m.media-amazon.com/images/M/MV5BNmM2MGQ5Y2UtYzA3ZC00ZDJlLTkwNDYtMjBmZGExZDJiN2RlXkEyXkFqcGc@._V1_.jpg,PG,11100,1975
tt2024544,12 Years a Slave,"In the antebellum United States, Solomon Northup, a free black man from upstate New York, is abducted and sold into slavery.",https://m.media-amazon.com/images/M/MV5BMjExMTEzODkyN15BMl5BanBnXkFtZTcwNTU4NTc4OQ@@._V1_.jpg,R,8040,2013
tt0083658,Blade Runner,A blade runner must pursue and terminate four replicants who stole a ship in space and have returned to Earth to find their creator.,https://m.media-amazon.com/images/M/MV5BOWQ4YTBmNTQtMDYxMC00NGFjLTkwOGQtNzdhNmY1Nzc1MzUxXkEyXkFqcGc@._V1_.jpg,R,7020,1982
tt0112471,Before Sunrise,"A young man and woman meet on a train in Europe, and wind up spending one evening together in Vienna. Unfortunately, both know that this will probably be their only night together.",https://m.media-amazon.com/images/M/MV5BZDZhZmI1ZTUtYWI3NC00NTMwLTk3NWMtNDc0OGNjM2I0ZjlmXkEyXkFqcGc@._V1_.jpg,R,6060,1995
tt2278388,The Grand Budapest Hotel,"A writer encounters the owner of an aging high-class hotel, who tells him of his early years serving as a lobby boy in the hotel's glorious years under an exceptional concierge.",https://m.media-amazon.com/images/M/MV5BMzM5NjUxOTEyMl5BMl5BanBnXkFtZTgwNjEyMDM0MDE@._V1_.jpg,R,5940,2014
tt2119532,Hacksaw Ridge,"World War II American Army Medic Desmond T. Doss, serving during the Battle of Okinawa, refuses to kill people and becomes the first man in American history to receive the Medal of Honor without firing a shot.",https://m.media-amazon.com/images/M/MV5BODVmZjg1OTgtMGE5Ny00NzZlLWIzNzUtY2Q4ZmU5YzllYmQ4XkEyXkFqcGc@._V1_.jpg,R,8340,2016
tt0097165,Dead Poets Society,"Maverick teacher John Keating returns in 1959 to the prestigious New England boys' boarding school where he was once a star student, using poetry to embolden his pupils to new heights of self-expression.",https://m.media-amazon.com/images/M/MV5BMDYwNGVlY2ItMWYxMS00YjZiLWE5MTAtYWM5NWQ2ZWJjY2Q3XkEyXkFqcGc@._V1_.jpg,PG,7680,1989
tt2267998,Gone Girl,The husband of a missing woman becomes the chief suspect in her disappearance.,https://m.media-amazon.com/images/M/MV5BMTk0MDQ3MzAzOV5BMl5BanBnXkFtZTgwNzU1NzE3MjE@._V1_.jpg,R,8940,2014
tt0353969,Salinui chueok,"In a small Korean province in 1986, two detectives struggle with the case of multiple young women being found raped and murdered by an unknown culprit.",https://m.media-amazon.com/images/M/MV5BYmRjOWE5NmMtYTdkYS00ODFlLWJiMTMtYzE2NDZlZjlkZDQ0XkEyXkFqcGc@._V1_.jpg,Not Rated,7860,2003
tt0107207,In the Name of the Father,"An Irish man's coerced confession to an I.R.A. bombing he did not commit results in the imprisonment of his father as well. Meanwhile, a British lawyer fights to clear their names and free them.",https://m.media-amazon.com/images/M/MV5BMGZiZDVjNzYtZWM4ZC00MzVkLThhNDEtMDJlOTBhYzVjMmNhXkEyXkFqcGc@._V1_.jpg,R,7980,1993
tt26548265,Maharaja,"A barber seeks vengeance after his home is burglarized, cryptically telling police his ""lakshmi"" has been taken, leaving them uncertain if it's a person or object. His quest to recover the elusive ""lakshmi"" unfolds.",https://m.media-amazon.com/images/M/MV5BZWQ2YzJmNjMtNGEzMC00YzkwLTk0Y2QtODdkMjFkM2UwNDU1XkEyXkFqcGc@._V1_.jpg,N/A,8460,2024
tt0015864,The Gold Rush,"A prospector goes to the Klondike during the 1890s gold rush in hopes of making his fortune, and is smitten with a girl he sees in a dance hall.",https://m.media-amazon.com/images/M/MV5BNGU1NjYzYTAtZmY0YS00NWIzLTkzNzUtYzc2ZTIyOTIxZjVhXkEyXkFqcGc@._V1_.jpg,Approved,5700,1925
tt0198781,"Monsters, Inc.","In order to power the city, monsters have to scare children so that they scream. However, the children are toxic to the monsters, and after a child gets through, two monsters realize things may not be what they think.",https://m.media-amazon.com/images/M/MV5BMTY1NTI0ODUyOF5BMl5BanBnXkFtZTgwNTEyNjQ0MDE@._V1_.jpg,G,5520,2001
tt3011894,Relatos salvajes,Six short stories that explore the extremities of human behavior involving people in distress.,https://m.media-amazon.com/images/M/MV5BNzAzMjA1ODAxOV5BMl5BanBnXkFtZTgwODg4NTQzNDE@._V1_.jpg,R,7320,2014
tt0382932,Ratatouille,A rat who can cook makes an unusual alliance with a young kitchen worker at a famous Paris restaurant.,https://m.media-amazon.com/images/M/MV5BMTMzODU0NTkxMF5BMl5BanBnXkFtZTcwMjQ4MzMzMw@@._V1_.jpg,G,6660,2007
tt0892769,How to Train Your Dragon,"A hapless young Viking who aspires to hunt dragons becomes the unlikely friend of a young dragon himself, and learns there may be more to the creatures than he assumed.",https://m.media-amazon.com/images/M/MV5BNjNjY2IyM2QtNWRkNS00YjY0LTk2Y2UtNGQ1ZTk2ZjEwNTIxXkEyXkFqcGc@._V1_.jpg,PG,5880,2010
tt0077416,The Deer Hunter,An in-depth examination of the ways in which the Vietnam War impacts and disrupts the lives of several friends in a small steel mill town in Pennsylvania.,https://m.media-amazon.com/images/M/MV5BZGI4YmVhMzMtMWExMS00MGZiLTg2MmItM2I2MWZjODAyM2U5XkEyXkFqcGc@._V1_.jpg,R,10980,1978
tt0073195,Jaws,"When a massive killer shark unleashes chaos on a beach community off Long Island, it's up to a local sheriff, a marine biologist, and an old seafarer to hunt the beast down.",https://m.media-amazon.com/images/M/MV5BYjViNDQzNmUtYzkxZi00NTk5LTljMmItYjJlZmZkODIxNjU1XkEyXkFqcGc@._V1_.jpg,PG,7440,1975
tt0015324,Sherlock Jr.,"A film projectionist longs to be a detective, and puts his meagre skills to work when he is framed by a rival for stealing his girlfriend's father's pocketwatch.",https://m.media-amazon.com/images/M/MV5BMjQzM2E2NjYtYmRjMC00ZmVlLTljZTgtNmQ5MGZlNDYyZTc5XkEyXkFqcGc@._V1_.jpg,Passed,2700,1924
tt0017925,The General,"After being rejected by the Confederate military, not realizing it was due to his crucial civilian role, an engineer must single-handedly recapture his beloved locomotive after it is seized by Union spies and return it through enemy lines.",https://m.media-amazon.com/images/M/MV5BMTVhM2Y1MDUtMDkxYi00Y2UxLWI2MTMtZjMzYTY4ODM4MGIzXkEyXkFqcGc@._V1_.jpg,Passed,4680,1926
tt0978762,Mary and Max.,"In 1976 Melbourne, a lonely 8-year-old girl strikes up a correspondence with an unlikely pen pal: a severely obese 44-year-old New Yorker with Asperger's syndrome.",https://m.media-amazon.com/images/M/MV5BNzY2Mjc4NjMtNGY4Mi00NzM5LTk3ZTQtN2VkNzVkMzRmM2Y2XkEyXkFqcGc@._V1_.jpg,Not Rated,5520,2009
tt0047296,On the Waterfront,"An ex-prize fighter turned New Jersey longshoreman struggles to stand up to his corrupt union bosses, including his older brother, as he starts to connect with the grieving sister of one of the syndicate's victims.",https://m.media-amazon.com/images/M/MV5BZDJlYTM1ZGYtZTM4YS00MzFhLThiZjktYzQ0ZjAzMGYwZTU3XkEyXkFqcGc@._V1_.jpg,Approved,6480,1954
tt0046268,Le salaire de la peur,"In a decrepit South American village, four men are hired to transport an urgent nitroglycerine shipment without the equipment that would make it safe.",https://m.media-amazon.com/images/M/MV5BMDdhOGMwODQtZGM2MS00NGQxLWEyZDMtOTkzMjFjYjI3ZmM2XkEyXkFqcGc@._V1_.jpg,Not Rated,9360,1953
tt1950186,Ford v Ferrari,American car designer Carroll Shelby and driver Ken Miles battle corporate interference and the laws of physics to build a revolutionary race car for Ford in order to defeat Ferrari at the 24 Hours of Le Mans in 1966.,https://m.media-amazon.com/images/M/MV5BOTBjNTEyNjYtYjdkNi00YzE5LTljYzUtZjVlYmYwZmJmZWYxXkEyXkFqcGc@._V1_.jpg,PG-13,9120,2019
tt0050986,Smultronstället,"After living a life marked by coldness, an aging professor is forced to confront the emptiness of his existence.",https://m.media-amazon.com/images/M/MV5BZWQ5MDllM2EtZWRmNS00MmZiLWI4ZWQtMjRiY2Q5MTAxODY4XkEyXkFqcGc@._V1_.jpg,Not Rated,5520,1957
tt0031679,Mr. Smith Goes to Washington,"A naive youth leader is appointed to fill a vacancy in the U.S. Senate. His idealistic plans promptly collide with corruption at home and subterfuge from his hero in Washington, but he tries to forge ahead despite attacks on his character.",https://m.media-amazon.com/images/M/MV5BMDU4ZjNmMjEtMjcxYi00NDAxLWFlMjQtNWIyNjg5NWUzNTdjXkEyXkFqcGc@._V1_.jpg,Approved,7740,1939
tt0041959,The Third Man,"Pulp novelist Holly Martins travels to shadowy, postwar Vienna, only to find himself investigating the mysterious death of an old friend, Harry Lime.",https://m.media-amazon.com/images/M/MV5BNTAwZjAwZDUtNDc1Yi00OGY3LTgzMjktYjIyMjQzOWE3MmVhXkEyXkFqcGc@._V1_.jpg,Approved,6240,1949
tt3315342,Logan,"In a future where mutants are nearly extinct, an elderly and weary Logan leads a quiet life. But when Laura, a mutant child pursued by scientists, comes to him for help, he must get her to safety.",https://m.media-amazon.com/images/M/MV5BN2RmM2U0YjItNGJkOS00ZmNmLTk5ODYtY2E2MDYwNGE2YTU1XkEyXkFqcGc@._V1_.jpg,17,8220,2017
tt0075148,Rocky,A small-time Philadelphia boxer gets a supremely rare chance to fight the world heavyweight champion in a bout in which he strives to go the distance for his self-respect.,https://m.media-amazon.com/images/M/MV5BZDEyY2M2MGMtYjg5OC00ZWFjLWFkZDQtNmQzZTdiYmYzZTBkXkEyXkFqcGc@._V1_.jpg,PG,7200,1976
tt0046438,Tôkyô monogatari,"An old couple visit their children and grandchildren in the city, but receive little attention.",https://m.media-amazon.com/images/M/MV5BODdkNzcxZjItMDU2Yy00Y2JlLWFkYTQtNzIwM2Q4MWU5MTU2XkEyXkFqcGc@._V1_.jpg,Not Rated,8160,1953
tt0118715,The Big Lebowski,"Jeff ""The Dude"" Lebowski, mistaken for a millionaire of the same name, seeks restitution for his ruined rug and enlists his bowling buddies to help get it.",https://m.media-amazon.com/images/M/MV5BY2E3OWQ5OWYtYTRkMC00NjVjLWIzZDQtNmRmM2ZiYTIyYmYxXkEyXkFqcGc@._V1_.jpg,R,7020,1998
tt0050976,Det sjunde inseglet,"A knight returning to Sweden after the Crusades seeks answers about life, death, and the existence of God as he plays chess against the Grim Reaper during the Black Plague.",https://m.media-amazon.com/images/M/MV5BM2M5N2U0M2EtNGY5MS00NjdlLWE0YzEtOTcyZGNiZWZjMWZhXkEyXkFqcGc@._V1_.jpg,Not Rated,5760,1957
tt1895587,Spotlight,"The true story of how the Boston Globe uncovered the massive scandal of child molestation and cover-up within the local Catholic Archdiocese, shaking the entire Catholic Church to its core.",https://m.media-amazon.com/images/M/MV5BMjIyOTM5OTIzNV5BMl5BanBnXkFtZTgwMDkzODE2NjE@._V1_.jpg,R,7740,2015
tt3170832,Room,"A little boy is held captive in a room with his mother since his birth, so he has never known the world outside.",https://m.media-amazon.com/images/M/MV5BMjE4NzgzNzEwMl5BMl5BanBnXkFtZTgwMTMzMDE0NjE@._V1_.jpg,R,7080,2015
tt0088247,The Terminator,A cyborg assassin from the future attempts to find and kill a young woman who is destined to give birth to a warrior that will lead a resistance to save humankind from extinction.,https://m.media-amazon.com/images/M/MV5BZmE0YzIxM2QtMGNlMi00MjRmLWE3MWMtOWQzMGVjMmU0YTFmXkEyXkFqcGc@._V1_.jpg,R,6420,1984
tt0395169,Hotel Rwanda,"Paul Rusesabagina, a hotel manager, houses over a thousand Tutsi refugees during their struggle against the Hutu militia in Rwanda, Africa.",https://m.media-amazon.com/images/M/MV5BY2FmMWRmZmQtN2IzMS00OGVmLWFmNjktMTM0YWQzODcwYTEwXkEyXkFqcGc@._V1_.jpg,PG-13,7260,2004
tt0091763,Platoon,"Chris Taylor, a neophyte recruit in Vietnam, finds himself caught in a battle of wills between two sergeants, one good and the other evil. A shrewd examination of the brutality of war and the duality of man in conflict.",https://m.media-amazon.com/images/M/MV5BZjE4YjllODAtZGMxZS00Mjg2LThkOWUtZjNkMjQ5YThiNDU4XkEyXkFqcGc@._V1_.jpg,R,7200,1986
tt0325980,Pirates of the Caribbean: The Curse of the Black Pearl,"Blacksmith Will Turner teams up with eccentric pirate ""Captain"" Jack Sparrow to save Elizabeth Swann, the governor's daughter and his love, from Jack's former pirate allies, who are now undead.",https://m.media-amazon.com/images/M/MV5BNDhlMzEyNzItMTA5Mi00YWRhLThlNTktYTQyMTA0MDIyNDEyXkEyXkFqcGc@._V1_.jpg,PG-13,8580,2003
tt0113247,La haine,24 hours in the lives of three young men in the French suburbs the day after a violent riot.,https://m.media-amazon.com/images/M/MV5BMThlMDA3NDYtZGM2Zi00NmJhLThlYWItZjViZTkzZWU1ZWRiXkEyXkFqcGc@._V1_.jpg,Not Rated,5880,1995
tt15097216,Jai Bhim,"When a tribal man is arrested for a case of alleged theft, his wife turns to a human-rights lawyer to help bring justice.",https://m.media-amazon.com/images/M/MV5BZjEyNDIzNmEtMjdkYS00ZDAwLTljOWYtNDRhYTVhYTlmOTk1XkEyXkFqcGc@._V1_.jpg,Approved,9840,2021
tt0381681,Before Sunset,"Nine years after Jesse and Celine first met, they encounter each other again on the French leg of Jesse's book tour.",https://m.media-amazon.com/images/M/MV5BMTQ1MjAwNTM5Ml5BMl5BanBnXkFtZTYwNDM0MTc3._V1_.jpg,R,4800,2004
tt0019254,La passion de Jeanne d'Arc,"In 1431, Jeanne d'Arc is placed on trial on charges of heresy. The ecclesiastical jurists attempt to force Jeanne to recant her claims of holy visions.",https://m.media-amazon.com/images/M/MV5BNTE1MDliZjgtYTU2Yy00YjAxLTljYTItNDE2ZGYwYTY1MGQ1XkEyXkFqcGc@._V1_.jpg,Passed,6600,1928
tt0036868,The Best Years of Our Lives,"Three World War II veterans, two of them traumatized or disabled, return home to the American midwest to discover that they and their families have been irreparably changed.",https://m.media-amazon.com/images/M/MV5BNTgxMzUyODQtMDJmZC00ZGMyLWI3MzAtZTYwYjBjZjFmMzIxXkEyXkFqcGc@._V1_.jpg,Approved,10200,1946
tt0070047,The Exorcist,"When a mysterious entity possesses a young girl, her mother seeks the help of two Catholic priests to save her life.",https://m.media-amazon.com/images/M/MV5BZjg3YjE4ZjAtYTdmYS00ZTBkLWE1ZjgtNzAzODUwNzRiYjlmXkEyXkFqcGc@._V1_.jpg,R,7320,1973
tt1979320,Rush,"James Hunt and Niki Lauda, two extremely skilled Formula One racers, have an intense rivalry with each other. However, it is their enmity that pushes them to their limits.",https://m.media-amazon.com/images/M/MV5BMTZhOGQxM2ItNGQyYy00YzE5LWI5MjMtNmMzNGQzNDE1OTUzXkEyXkFqcGc@._V1_.jpg,R,7380,2013
tt0317705,The Incredibles,"While trying to lead a quiet suburban life, a family of undercover superheroes are forced into action to save the world.",https://m.media-amazon.com/images/M/MV5BZjkyYzY0MDUtMmIzMS00ZjY4LTlhMWUtYWY5Y2NlMmJiZWVhXkEyXkFqcGc@._V1_.jpg,PG,6900,2004
tt0032138,The Wizard of Oz,"Young Dorothy Gale and her dog Toto are swept away by a tornado from their Kansas farm to the magical Land of Oz and embark on a quest with three new friends to see the Wizard, who can return her to her home and fulfill the others' wishes.",https://m.media-amazon.com/images/M/MV5BYWRmY2I0MGItYTQ0OC00NWZmLWIwMDktYjJlNDc0MzVhMmViXkEyXkFqcGc@._V1_.jpg,G,6120,1939
tt0074958,Network,"A television network cynically exploits a deranged former anchor's ravings and revelations about mass media for its own profit, but finds that his message may be difficult to control.",https://m.media-amazon.com/images/M/MV5BY2E4ZGJiNTMtZTAxZC00MmVlLWI1NjYtMGVhMjhkOGEwZDhjXkEyXkFqcGc@._V1_.jpg,R,7260,1976
tt0049902,Un condamné à mort s'est échappé ou Le vent souffle où il veut,A captured French Resistance fighter during World War II engineers a daunting escape from a German prison in France.,https://m.media-amazon.com/images/M/MV5BZDE3MjdlZDEtYmJiZi00YmE1LWJkOTMtYTMzZGYwOWU4MjYzXkEyXkFqcGc@._V1_.jpg,Not Rated,6060,1956
tt0092005,Stand by Me,A writer recounts a childhood journey with his friends to find the body of a missing boy.,https://m.media-amazon.com/images/M/MV5BNGJkNTUwM2MtZWE2MS00YjNkLWE3MjktNWQwZDQxMDIyZWVmXkEyXkFqcGc@._V1_.jpg,R,5340,1986
tt1028532,Hachi: A Dog's Tale,"Professor Wilson discovers a lost Akita puppy on his way home. Despite objections from his wife, Hachi endears himself to the family and grows to be Parker's loyal companion. As their bond grows deeper, a beautiful relationship unfolds.",https://m.media-amazon.com/images/M/MV5BNTU5NjYyYTgtZGQ3My00MzRhLThjNGYtZmVjN2JjYjhkMjhhXkEyXkFqcGc@._V1_.jpg,G,5580,2009
tt0059742,The Sound of Music,A young novice is sent by her convent in 1930s Austria to become a governess to the seven children of a widowed naval officer.,https://m.media-amazon.com/images/M/MV5BYWJhYmU4MjQtZDJhYi00ZGVjLTlkNTEtNzkzNGVjOWQ3MjcwXkEyXkFqcGc@._V1_.jpg,G,10320,1965
tt0476735,Babam ve Oglum,The family of a left-wing journalist is torn apart after the military coup of Turkey in 1980.,https://m.media-amazon.com/images/M/MV5BZDE3MTBkNmQtNGFjMC00YTcwLWExY2ItN2MyMGZkNWJlMmFmXkEyXkFqcGc@._V1_.jpg,Not Rated,6720,2005
tt0035446,To Be or Not to Be,"During the German occupation of Poland, an acting troupe becomes embroiled in a Polish soldier's efforts to track down a German spy.",https://m.media-amazon.com/images/M/MV5BYzc3NTNkYmUtOWYyZS00ZWQ3LWFiZDUtMThjMmY4MzQ5YmU0XkEyXkFqcGc@._V1_.jpg,Approved,5940,1942
tt4016934,Ah-ga-ssi,"In 1930s Korea, a girl is hired as a handmaiden to a Japanese heiress who lives a secluded life on a countryside estate. But the maid has a secret: She is a pickpocket recruited by a swindler to help seduce the Lady and steal her fortune.",https://m.media-amazon.com/images/M/MV5BOTllZDI1OGItOGUxNS00OGZhLWIzMjAtYzllZTY1YTA0ZmYwXkEyXkFqcGc@._V1_.jpg,Not Rated,8700,2016
tt0758758,Into the Wild,"After graduating from Emory University, top student and athlete Christopher McCandless abandons his possessions, gives his entire $24,000 savings account to charity and hitchhikes to Alaska to live in the wilderness.",https://m.media-amazon.com/images/M/MV5BNTgwZTJhNWMtNzVjMy00YzQzLWI4MTAtYmJhOGQ5ZmQ3MDM0XkEyXkFqcGc@._V1_.jpg,R,8880,2007
tt0058946,La battaglia di Algeri,"In the 1950s, fear and violence escalate as the people of Algiers fight for independence from the French government.",https://m.media-amazon.com/images/M/MV5BMTY2Mjk0OGEtYTM3Yy00ZWZiLWFhNjAtNGExMjEzNGVmMDMxXkEyXkFqcGc@._V1_.jpg,Not Rated,7260,1966
tt0129167,The Iron Giant,A young boy befriends a giant robot from outer space that a paranoid government agent wants to destroy.,https://m.media-amazon.com/images/M/MV5BODM4ZjZjMGEtYmFiMy00MThjLWIzZjUtMDU0ODg1NTI2MzIwXkEyXkFqcGc@._V1_.jpg,PG,5160,1999
tt0032551,The Grapes of Wrath,"An Oklahoma family, driven off their farm by the poverty and hopelessness of the Dust Bowl, joins the westward migration to California, suffering the misfortunes of the homeless in the Great Depression.",https://m.media-amazon.com/images/M/MV5BZDgzZjk3OGYtNWI2Ny00MDg3LTgwYWEtNjI1ODAxNjA3ZmFlXkEyXkFqcGc@._V1_.jpg,Approved,7740,1940
tt0107048,Groundhog Day,"A narcissistic, self-centered weatherman finds himself in a time loop on Groundhog Day.",https://m.media-amazon.com/images/M/MV5BOWE3MjQ3ZDAtNDQ2MC00YjBjLTk0ZWYtNjQ0YzQ4YWE3YTEyXkEyXkFqcGc@._V1_.jpg,PG,6060,1993
tt0245712,Amores perros,"An amateur dog fighter, a supermodel, and a derelict assassin, all separately struggling to find love, find their lives transformed by a devastating car wreck in Mexico City.",https://m.media-amazon.com/images/M/MV5BMmUzNDI1MDYtNmIxNC00NjczLTk0ZDEtYWFkZDcxMWVhYTEwXkEyXkFqcGc@._V1_.jpg,R,9240,2000
tt0032976,Rebecca,A self-conscious woman juggles adjusting to her new role as an aristocrat's wife and avoiding being intimidated by his first wife's spectral presence.,https://m.media-amazon.com/images/M/MV5BYTI0MjUyODAtZTBkNC00MmIwLWFlNmYtMWE3ZmJlOWJjM2QyXkEyXkFqcGc@._V1_.jpg,Approved,7800,1940
tt1454029,The Help,"An aspiring author during the civil rights movement of the 1960s decides to write a book detailing the African American maids' point of view on the white families for which they work, and the hardships they go through on a daily basis.",https://m.media-amazon.com/images/M/MV5BMTM5OTMyMjIxOV5BMl5BanBnXkFtZTcwNzU4MjIwNQ@@._V1_.jpg,PG-13,8760,2011
tt0061512,Cool Hand Luke,"A laid-back Southern man is sentenced to two years in a rural prison, but refuses to conform.",https://m.media-amazon.com/images/M/MV5BYzI1NzBkNmMtOWRmMS00YmY2LTk5MjQtZjAzMmIwZDQ2M2UwXkEyXkFqcGc@._V1_.jpg,Approved,7620,1967
tt5323662,Koe no katachi,"A deaf girl, Shoko, is bullied by the popular Shoya. As Shoya continues to bully Shoko, the class turns its back on him. Shoko transfers and Shoya grows up as an outcast. Alone and depressed, the regretful Shoya finds Shoko to make amends.",https://m.media-amazon.com/images/M/MV5BM2UyZjIyYmYtZjFiZi00MDY0LWJlZWMtN2YwZWIxYTNmMDk4XkEyXkFqcGc@._V1_.jpg,Not Rated,7800,2016
tt4430212,Drishyam,"Desperate measures are taken by a man who tries to save his family from the dark side of the law, after they commit an unexpected crime.",https://m.media-amazon.com/images/M/MV5BM2NmMGFjYTYtNWEwNS00MTM4LWE2ZTktNzZjMTE0OTQyNjFiXkEyXkFqcGc@._V1_.jpg,Approved,9780,2015
